PastureID,Pasture,Ecosite,graze.trt,Block,Proportion,Plot,CARM_name,,,,,,
1,15E,Loamy,TRM,1,0.25,1,NA,,,,,,
2,24W,Loamy,TRM,2,0.25,1,NA,,,,,,
3,26E,Loamy,TRM,3,0.25,1,NA,,,,,,
4,25SE,Loamy,TRM,4,0.25,1,NA,,,,,,
5,31E,Loamy,TRM,5,0.25,1,NA,,,,,,
6,19N,Sandy,TRM,6,0.25,1,NA,,,,,,
7,7NW,Loamy,TRM,7,0.167,1,NA,,,,,,
8,5E,Loamy,TRM,8,0.25,1,NA,,,,,,
9,17N,Loamy,TRM,9,0.167,1,NA,,,,,,
10,20SE,Sandy,TRM,10,0.167,1,NA,,,,,,
11,10S,Loamy,CARM,1,0.25,1,Nighthawk,,,,,,
12,21N,Loamy,CARM,2,0.25,1,Highway,,,,,,
13,26W,Loamy,CARM,3,0.25,1,Hilltank,,,,,,
14,25NW,Loamy,CARM,4,0.25,1,Crossroads,,,,,,
15,31W,Loamy,CARM,5,0.25,1,South,,,,,,
16,18S,Sandy,CARM,6,0.25,1,Snowfence,,,,,,
17,7SE,Loamy,CARM,7,0.167,1,Headquarters,,,,,,
18,8E,Loamy,CARM,8,0.25,1,Ridgetank,,,,,,
19,17S,Loamy,CARM,9,0.167,1,Saltflat,,,,,,
20,20NW,Sandy,CARM,10,0.167,1,Elm,,,,,,
21,15E,Loamy,TRM,1,0.25,2,NA,,,,,,
22,15E,Loamy,TRM,1,0.25,3,NA,,,,,,
23,15E,Loamy,TRM,1,0.25,4,NA,,,,,,
24,24W,Loamy,TRM,2,0.25,2,NA,,,,,,
25,24W,Loamy,TRM,2,0.25,3,NA,,,,,,
26,24W,Loamy,TRM,2,0.25,4,NA,,,,,,
27,26E,Loamy,TRM,3,0.25,2,NA,,,,,,
28,26E,Loamy,TRM,3,0.25,3,NA,,,,,,
29,26E,Loamy,TRM,3,0.25,4,NA,,,,,,
30,25SE,Loamy,TRM,4,0.25,2,NA,,,,,,
31,25SE,Loamy,TRM,4,0.25,3,NA,,,,,,
32,25SE,Loamy,TRM,4,0.25,4,NA,,,,,,
33,31E,Loamy,TRM,5,0.25,2,NA,,,,,,
34,31E,Loamy,TRM,5,0.25,3,NA,,,,,,
35,31E,Sandy,TRM,5,0.25,4,NA,,,,,,
36,19N,Sandy,TRM,6,0.25,2,NA,,,,,,
37,19N,Sandy,TRM,6,0.25,3,NA,,,,,,
38,19N,Sandy,TRM,6,0.25,4,NA,,,,,,
39,7NW,Loamy,TRM,7,0.167,2,NA,,,,,,
40,7NW,Sandy,TRM,7,0.167,3,NA,,,,,,
41,7NW,Loamy,TRM,7,0.167,4,NA,,,,,,
42,7NW,Salt Flats,TRM,7,0.167,5,NA,,,,,,
43,7NW,Salt Flats,TRM,7,0.167,6,NA,,,,,,
44,5E,Sandy,TRM,8,0.25,2,NA,,,,,,
45,5E,Loamy,TRM,8,0.25,3,NA,,,,,,
46,5E,Sandy,TRM,8,0.25,4,NA,,,,,,
47,17N,Loamy,TRM,9,0.167,2,NA,,,,,,
48,17N,Salt Flats,TRM,9,0.167,3,NA,,,,,,
49,17N,Salt Flats,TRM,9,0.167,4,NA,,,,,,
50,17N,Sandy,TRM,9,0.167,5,NA,,,,,,
51,17N,Sandy,TRM,9,0.167,6,NA,,,,,,
52,20SE,Sandy,TRM,10,0.167,2,NA,,,,,,
53,20SE,Sandy,TRM,10,0.167,3,NA,,,,,,
54,20SE,Salt Flats,TRM,10,0.167,4,NA,,,,,,
55,20SE,Salt Flats,TRM,10,0.167,5,NA,,,,,,
56,20SE,Sandy,TRM,10,0.167,6,NA,,,,,,
57,10S,Loamy,CARM,1,0.25,2,Nighthawk,,,,,1,Nighthawk
58,10S,Loamy,CARM,1,0.25,3,Nighthawk,,,,,2,Highway
59,10S,Loamy,CARM,1,0.25,4,Nighthawk,,,,,3,Hilltank
60,21N,Loamy,CARM,2,0.25,2,Highway,,,,,4,Crossroads
61,21N,Loamy,CARM,2,0.25,3,Highway,,,,,5,South
62,21N,Loamy,CARM,2,0.25,4,Highway,,,,,6,Snowfence
63,26W,Loamy,CARM,3,0.25,2,Hilltank,,,,,7,Headquarters
64,26W,Loamy,CARM,3,0.25,3,Hilltank,,,,,8,Ridgetank
65,26W,Loamy,CARM,3,0.25,4,Hilltank,,,,,9,Saltflat
66,25NW,Loamy,CARM,4,0.25,2,Crossroads,,,,,10,Elm
67,25NW,Loamy,CARM,4,0.25,3,Crossroads,,,,,,
68,25NW,Loamy,CARM,4,0.25,4,Crossroads,,,,,,
69,31W,Loamy,CARM,5,0.25,2,South,,,,,,
70,31W,Loamy,CARM,5,0.25,3,South,,,,,,
71,31W,Sandy,CARM,5,0.25,4,South,,,,,,
72,18S,Sandy,CARM,6,0.25,2,Snowfence,,,,,,
73,18S,Sandy,CARM,6,0.25,3,Snowfence,,,,,,
74,18S,Sandy,CARM,6,0.25,4,Snowfence,,,,,,
75,7SE,Loamy,CARM,7,0.167,2,Headquarters,,,,,,
76,7SE,Loamy,CARM,7,0.167,3,Headquarters,,,,,,
77,7SE,Sandy,CARM,7,0.167,4,Headquarters,,,,,,
78,7SE,Salt Flats,CARM,7,0.167,5,Headquarters,,,,,,
79,7SE,Salt Flats,CARM,7,0.167,6,Headquarters,,,,,,
80,8E,Sandy,CARM,8,0.25,2,Ridgetank,,,,,,
81,8E,Loamy,CARM,8,0.25,3,Ridgetank,,,,,,
82,8E,Sandy,CARM,8,0.25,4,Ridgetank,,,,,,
83,17S,Loamy,CARM,9,0.167,2,Saltflat,,,,,,
84,17S,Salt Flats,CARM,9,0.167,3,Saltflat,,,,,,
85,17S,Salt Flats,CARM,9,0.167,4,Saltflat,,,,,,
86,17S,Sandy,CARM,9,0.167,5,Saltflat,,,,,,
87,17S,Sandy,CARM,9,0.167,6,Saltflat,,,,,,
88,20NW,Sandy,CARM,10,0.167,2,Elm,,,,,,
89,20NW,Sandy,CARM,10,0.167,3,Elm,,,,,,
90,20NW,Sandy,CARM,10,0.167,4,Elm,,,,,,
91,20NW,Salt Flats,CARM,10,0.167,5,Elm,,,,,,
92,20NW,Salt Flats,CARM,10,0.167,6,Elm,,,,,,
